Model,Accuracy,Precision,Recall,F1
Logistic Regression,0.34,0.336774339675508,0.34,0.314278805001606
Decision Tree,0.339,0.33948705919393973,0.339,0.33859235969663315
Random Forest,0.3295,0.32883093999111224,0.3295,0.3289468333487489
